,address,time
0,1GYKeSn41dEXJL1SuZPUGxXF5fgrbMcReT,1 minute ago
1,1yjQZMv2gQdpiMctyYk3vNRKbZiyGVN3t,8 minutes ago
2,1JPxKBb5mDGhohbwzvKFk5qMFnoSn5y4dd,34 minutes ago
3,1yjQZMv2gQdpiMctyYk3vNRKbZiyGVN3t,36 minutes ago
4,1EUj48o3UnZvCjZEvYX9CHYbuL7rkhnB8s,38 minutes ago
5,1AmazonZ7UmQNi7ff5TQAC35n4ciustPJN,49 minutes ago
6,1FjMYuEXXRSPbey42fRkHwLgH1yohE2PZF,51 minutes ago
7,192W7voKMCSpyL9VhjH9R9B3xks1NvxDE4,54 minutes ago
8,1Geminir1DYt2VmiEXsvXfpvmGFofi8hQN,56 minutes ago
9,15e6NA9mjHARGzrZTXtEGvnMy4QNGFtopz,1 hour ago
10,1HxpqGEkxrMZDtGywS7GVN1t2FNSN53VKx,1 hour ago
11,1Fd3TMFM8DQK5kmBZAM1NdnUJPpvnvCznD,1 hour ago
12,1EUj48o3UnZvCjZEvYX9CHYbuL7rkhnB8s,1 hour ago
13,1ELjpTU5ro1n86d4yMjt4UELgYpQTdJdrp,1 hour ago
14,1Neetstz42KtaCq38d1GfEXHSFXjeWpyaN,1 hour ago
15,1FAKhLxgiaXY4MfS7QE8N45oTTn3HWWXwA,1 hour ago
16,12iPSuHtkZ9ap9Yh8pidCsDRWtkt7sAg1u,1 hour ago
17,1yjQZMv2gQdpiMctyYk3vNRKbZiyGVN3t,1 hour ago
18,17nYSQsNPZEJmJE3NXYHpk1439iRuYrJqL,1 hour ago
19,17q6FrBckLKQ4ksecJQ2birn8X3zNfBCC,1 hour ago
20,1uec9T3XHimBgb4HNeqKhZVcKAHLAB4Mt,1 hour ago
21,1Neetstz42KtaCq38d1GfEXHSFXjeWpyaN,1 hour ago
22,19mAQWjVFGQyA5vUfb5vyKeu8kAf6CZNtv,1 hour ago
23,15yF8WkUg8PRjJehYW4tGdqcyzc4z7dScM,1 hour ago
24,36G8A3fXAz1FRdHLSYAdCSgw6x7bij7SWY,2 hours ago
25,1PXuMr7peBsoimjH9oG7SYnSyb3GRk5zcH,2 hours ago
26,3LqxGscJKtZDSEsDFQQ8fxHwSJaFUhTLnY,2 hours ago
27,12WghuRH7b8K7mcJvxCzWQjW7RVEAC7qgx,2 hours ago
28,15e6NA9mjHARGzrZTXtEGvnMy4QNGFtopz,2 hours ago
29,16pR1EQVSXZzwwCXPsznAQ8si9FEV8nKt3,2 hours ago
30,3GVcnVSAYqcFwDW9xPhtiptgCxEBiruTd8,2 hours ago
31,14vEbDMu4b8hHJHsejUdAANzxdkU4AU5me,2 hours ago
32,1JPxKBb5mDGhohbwzvKFk5qMFnoSn5y4dd,2 hours ago
33,12WghuRH7b8K7mcJvxCzWQjW7RVEAC7qgx,2 hours ago
34,1GYKeSn41dEXJL1SuZPUGxXF5fgrbMcReT,3 hours ago
35,1FypSnFrJTvgumD6w6QJM5mn6yrPi8NsAT,3 hours ago
36,1EUj48o3UnZvCjZEvYX9CHYbuL7rkhnB8s,3 hours ago
37,1JPxKBb5mDGhohbwzvKFk5qMFnoSn5y4dd,3 hours ago
38,1tXs15aJ6rVLAJuoNeBaR58h1Tu7RhuQs,3 hours ago
39,1yjQZMv2gQdpiMctyYk3vNRKbZiyGVN3t,3 hours ago
40,15e6NA9mjHARGzrZTXtEGvnMy4QNGFtopz,3 hours ago
41,1yjQZMv2gQdpiMctyYk3vNRKbZiyGVN3t,3 hours ago
42,1HMzxkUenQHxkzpcoEKAuYCth3mrW8yFpc,3 hours ago
43,1EUj48o3UnZvCjZEvYX9CHYbuL7rkhnB8s,3 hours ago
44,15eS9WsDwGink5424BAC1Zh9dvKyAg58Pt,3 hours ago
45,1FypSnFrJTvgumD6w6QJM5mn6yrPi8NsAT,3 hours ago
46,1BHN6oNLgFyGdiTGCTudN5AKBNBAwBrUgn,3 hours ago
47,3FvoByswA2ZN6dRMLdx9SxFB278AEKLck6,4 hours ago
48,34vZz5RmcqgFJCyLMZJ1RZr46mwsbrVUoG,4 hours ago
49,1FypSnFrJTvgumD6w6QJM5mn6yrPi8NsAT,4 hours ago
50,1EUj48o3UnZvCjZEvYX9CHYbuL7rkhnB8s,4 hours ago
51,1yjQZMv2gQdpiMctyYk3vNRKbZiyGVN3t,4 hours ago
52,1JPxKBb5mDGhohbwzvKFk5qMFnoSn5y4dd,4 hours ago
53,1BHN6oNLgFyGdiTGCTudN5AKBNBAwBrUgn,4 hours ago
54,1EbPAg7FtdzyxfdFkoqDJVW7KJLxrmmsQT,4 hours ago
55,1yjQZMv2gQdpiMctyYk3vNRKbZiyGVN3t,4 hours ago
56,1EUj48o3UnZvCjZEvYX9CHYbuL7rkhnB8s,4 hours ago
57,15eS9WsDwGink5424BAC1Zh9dvKyAg58Pt,5 hours ago
58,3BLzdQ2diQ7C25DQ88vj9mp3HLyFwLcxbw,5 hours ago
59,1GYKeSn41dEXJL1SuZPUGxXF5fgrbMcReT,5 hours ago
60,1BHN6oNLgFyGdiTGCTudN5AKBNBAwBrUgn,5 hours ago
61,15eS9WsDwGink5424BAC1Zh9dvKyAg58Pt,5 hours ago
62,1yjQZMv2gQdpiMctyYk3vNRKbZiyGVN3t,6 hours ago
63,1Q2B97r7KGW5NuuK2HsifDPjQqCnSMqH2v,6 hours ago
64,13C3xbW1wUyu5WurVRvqHcUF2dCwRH4fmq,6 hours ago
65,1tXs15aJ6rVLAJuoNeBaR58h1Tu7RhuQs,6 hours ago
66,1yjQZMv2gQdpiMctyYk3vNRKbZiyGVN3t,6 hours ago
67,1JPxKBb5mDGhohbwzvKFk5qMFnoSn5y4dd,6 hours ago
68,1JPxKBb5mDGhohbwzvKFk5qMFnoSn5y4dd,6 hours ago
69,1JWkjhantZRxqxG11Mi1cKyx7rweZahB6V,6 hours ago
70,1JWkjhantZRxqxG11Mi1cKyx7rweZahB6V,6 hours ago
71,1Nass1oFV9ma4GooAkmAXuMT9xVDUiZM9y,6 hours ago
72,3NLm6C7Atb7QiqAcY9AwebichSk7Hbgvv9,6 hours ago
73,3ApPtvxCQgqouipmQYnkXZnGDU6NzPzGdr,6 hours ago
74,1BejqWr1pTqaAGB7beBoQzdSFSBmD9ftw5,7 hours ago
75,1tXs15aJ6rVLAJuoNeBaR58h1Tu7RhuQs,7 hours ago
76,1JPxKBb5mDGhohbwzvKFk5qMFnoSn5y4dd,7 hours ago
77,1JPxKBb5mDGhohbwzvKFk5qMFnoSn5y4dd,7 hours ago
78,16YEMNrekVQtJbRRk4bYqfKbrpZpnPkbyY,7 hours ago
79,1Neetstz42KtaCq38d1GfEXHSFXjeWpyaN,7 hours ago
80,15JSyXL7hvNHtrPtPcJic9Lwzdqjnkvth1,7 hours ago
81,1LKdZuWL7jbMtAFoKFLuvyX6WCFHfXJ3Ke,7 hours ago
82,1HPTGdcnRDcQtfAeE8GPdMQT2NPczHZ6EW,7 hours ago
83,1EUj48o3UnZvCjZEvYX9CHYbuL7rkhnB8s,7 hours ago
84,1Neetstz42KtaCq38d1GfEXHSFXjeWpyaN,8 hours ago
85,1AMpG2FUoWXUBzHf7QpVmo4gHsoda7spDk,8 hours ago
86,1JPxKBb5mDGhohbwzvKFk5qMFnoSn5y4dd,8 hours ago
87,13zvcfcZHRUcD5TSzsTqBfbbVSYnWmTdhi,8 hours ago
88,1BHN6oNLgFyGdiTGCTudN5AKBNBAwBrUgn,8 hours ago
89,17nYC84fpAJCHeqqtBx2oFRbnWU87khyAe,8 hours ago
90,3NLAL5Lrd2wcZTruPZQvLRFMCog3EXCpUJ,8 hours ago
91,1FypSnFrJTvgumD6w6QJM5mn6yrPi8NsAT,9 hours ago
92,1yjQZMv2gQdpiMctyYk3vNRKbZiyGVN3t,9 hours ago
93,1FjMYuEXXRSPbey42fRkHwLgH1yohE2PZF,9 hours ago
94,1LKdZuWL7jbMtAFoKFLuvyX6WCFHfXJ3Ke,9 hours ago
95,1HMzxkUenQHxkzpcoEKAuYCth3mrW8yFpc,9 hours ago
96,1EUj48o3UnZvCjZEvYX9CHYbuL7rkhnB8s,9 hours ago
97,1EUj48o3UnZvCjZEvYX9CHYbuL7rkhnB8s,10 hours ago
98,1AxJV1VYBccQvK44unpAx1KAbzvWmEQWDc,10 hours ago
99,15K1kckajwRdz3mND6cEJHVyEsgJZcvxKZ,10 hours ago
100,1HPTGdcnRDcQtfAeE8GPdMQT2NPczHZ6EW,10 hours ago
101,17k2zw45CTC76TVqiAs3D28XNRjxcoJux,10 hours ago
102,1JPxKBb5mDGhohbwzvKFk5qMFnoSn5y4dd,10 hours ago
103,16WVhcjggwVfiZCsy1ZK6qPadw6HEkcDkz,10 hours ago
104,1FjMYuEXXRSPbey42fRkHwLgH1yohE2PZF,11 hours ago
105,1Neetstz42KtaCq38d1GfEXHSFXjeWpyaN,11 hours ago
106,19UuxGdPtL2vJWdzBPQTNaUZyzzS5oU6gY,11 hours ago
107,1FypSnFrJTvgumD6w6QJM5mn6yrPi8NsAT,11 hours ago
108,1JPxKBb5mDGhohbwzvKFk5qMFnoSn5y4dd,11 hours ago
109,1EUj48o3UnZvCjZEvYX9CHYbuL7rkhnB8s,11 hours ago
110,1J5g2qfmUaFcU8cCrw7nDveZZtJyBJR87w,11 hours ago
111,1GSTWsoSWomVhjh7gmRjXT4S8GjbzhTZzQ,11 hours ago
112,1LKdZuWL7jbMtAFoKFLuvyX6WCFHfXJ3Ke,12 hours ago
113,1FypSnFrJTvgumD6w6QJM5mn6yrPi8NsAT,12 hours ago
114,3MerSbSRUoSthFwj7LU96Zjn9jvWjinPkA,12 hours ago
115,1LKdZuWL7jbMtAFoKFLuvyX6WCFHfXJ3Ke,13 hours ago
116,15eS9WsDwGink5424BAC1Zh9dvKyAg58Pt,13 hours ago
117,1EGJwGiyEUWp4y9fmBoQCdN9hSF5Scqn7j,13 hours ago
118,129ycGA6Kh5ZSf93J8gPDfKCu6QwWAB8zH,13 hours ago
119,18ANGEstmvTodhZzt3DruQzxYrXUoAbLLe,13 hours ago
120,33BdQt9RuLcWP2vB4ajuHFAyB36nyvxtLv,14 hours ago
121,1BHN6oNLgFyGdiTGCTudN5AKBNBAwBrUgn,14 hours ago
122,1yjQZMv2gQdpiMctyYk3vNRKbZiyGVN3t,15 hours ago
123,3MHyzXcRNThwprbXeVom24oy1DVQJacmmz,15 hours ago
124,366YvaUKk5CMPXtKtgVGome2fEULy72iFu,16 hours ago
125,1GYKeSn41dEXJL1SuZPUGxXF5fgrbMcReT,16 hours ago
126,1EUj48o3UnZvCjZEvYX9CHYbuL7rkhnB8s,16 hours ago
127,1o6BmPt7zXjzjWPT6jy8rsDKrWDrsVfBJ,17 hours ago
128,1o6BmPt7zXjzjWPT6jy8rsDKrWDrsVfBJ,17 hours ago
129,13C3xbW1wUyu5WurVRvqHcUF2dCwRH4fmq,18 hours ago
130,3ApPtvxCQgqouipmQYnkXZnGDU6NzPzGdr,18 hours ago
131,1JPxKBb5mDGhohbwzvKFk5qMFnoSn5y4dd,18 hours ago
132,168zuiFw3xVeA419W2VHcjPgz5JfhBHUFx,18 hours ago
133,1Max1mpHUJaknRjqHkSaZyRZZ7a4uDaV7w,19 hours ago
134,1BejqWr1pTqaAGB7beBoQzdSFSBmD9ftw5,19 hours ago
135,37gSpWgTLChM7Nv1kLXcAjoFJsyTWmPqdK,20 hours ago
136,1BHN6oNLgFyGdiTGCTudN5AKBNBAwBrUgn,20 hours ago
137,3Jhu89HVMHkK2zUDqfUeuVCogMUuLuoSF9,21 hours ago
138,18ANGEstmvTodhZzt3DruQzxYrXUoAbLLe,21 hours ago
139,1FTstYGHuPNKqaGvd6d3etTFGqPVDM9zEw,21 hours ago
140,1o6BmPt7zXjzjWPT6jy8rsDKrWDrsVfBJ,21 hours ago
141,1o6BmPt7zXjzjWPT6jy8rsDKrWDrsVfBJ,21 hours ago
142,3MxgQyyuiFSUkoLxyH2BTnZ87NWY7WRshk,21 hours ago
143,1JPxKBb5mDGhohbwzvKFk5qMFnoSn5y4dd,21 hours ago
144,3LR5i5SvD2CLDZnht9BTvkdRem3scPnbpb,21 hours ago
145,1tXs15aJ6rVLAJuoNeBaR58h1Tu7RhuQs,21 hours ago
146,1FjMYuEXXRSPbey42fRkHwLgH1yohE2PZF,21 hours ago
147,1LKdZuWL7jbMtAFoKFLuvyX6WCFHfXJ3Ke,21 hours ago
148,12WghuRH7b8K7mcJvxCzWQjW7RVEAC7qgx,21 hours ago
149,1BHN6oNLgFyGdiTGCTudN5AKBNBAwBrUgn,22 hours ago
150,1JbmCZyY59ZywSNN82sRnKuLhNzx6tBiS5,22 hours ago
151,1JPxKBb5mDGhohbwzvKFk5qMFnoSn5y4dd,22 hours ago
152,1FjMYuEXXRSPbey42fRkHwLgH1yohE2PZF,22 hours ago
153,1FdESHTUBiDi43sZfVMRsiuKtgrUaVAyYk,23 hours ago
154,1HcsfjAyMghXFWjhkHTUNQ9Y53c9uJLPmR,23 hours ago
155,bc1qqn603j3murcvshy60qd3792w8zhwykzmewrcqt,23 hours ago
156,37PHZhUkpZ728SC7hvEPiUP2WXoJNxvqME,23 hours ago
157,37PHZhUkpZ728SC7hvEPiUP2WXoJNxvqME,23 hours ago
158,37PHZhUkpZ728SC7hvEPiUP2WXoJNxvqME,23 hours ago
159,1JWkjhantZRxqxG11Mi1cKyx7rweZahB6V,23 hours ago
